{"text": "\u6211\u6aa2\u67e5\u4e00\u4e0b\u6211\u7684schedule\u6709\u6c92\u6709\u6642\u9593\u53ef\u4ee5\u8207\u4f60meeting", "segments": [{"id": 0, "seek": 0, "start": 0.0, "end": 8.0, "text": "\u6211\u6aa2\u67e5\u4e00\u4e0b\u6211\u7684schedule\u6709\u6c92\u6709\u6642\u9593\u53ef\u4ee5\u8207\u4f60meeting", "tokens": [50364, 1654, 40741, 95, 42623, 8861, 14200, 6145, 292, 2271, 28350, 20788, 6723, 34127, 2166, 1398, 9880, 50764], "temperature": 0.0, "avg_logprob": -0.2872500670583625, "compression_ratio": 0.8513513513513513, "no_speech_prob": 0.06702277809381485}], "language": "zh"}