{"text": "\u8bf7\u4e0d\u541d\u70b9\u8d5e \u8ba2\u9605 \u8f6c\u53d1 \u6253\u8d4f\u652f\u6301\u660e\u955c\u4e0e\u70b9\u70b9\u680f\u76ee", "segments": [{"id": 0, "seek": 0, "start": 0.0, "end": 22.46, "text": "\u8bf7\u4e0d\u541d\u70b9\u8d5e \u8ba2\u9605 \u8f6c\u53d1 \u6253\u8d4f\u652f\u6301\u660e\u955c\u4e0e\u70b9\u70b9\u680f\u76ee", "tokens": [50364, 27908, 1960, 2392, 251, 12579, 5266, 252, 220, 7422, 95, 10034, 227, 220, 17819, 105, 28926, 220, 12467, 5266, 237, 35488, 11100, 12373, 250, 940, 236, 12579, 12579, 8987, 237, 11386, 51487], "temperature": 0.0, "avg_logprob": -0.337334997513715, "compression_ratio": 0.8513513513513513, "no_speech_prob": 0.04096677526831627}], "language": "zh"}