{"text": "\u8acb\u4e0d\u541d\u9ede\u8d0a\u8a02\u95b1\u8f49\u767c\u6253\u8cde\u652f\u6301\u660e\u93e1\u8207\u9ede\u9ede\u6b04\u76ee", "segments": [{"id": 0, "seek": 0, "start": 0.0, "end": 22.0, "text": "\u8acb\u4e0d\u541d\u9ede\u8d0a\u8a02\u95b1\u8f49\u767c\u6253\u8cde\u652f\u6301\u660e\u93e1\u8207\u9ede\u9ede\u6b04\u76ee", "tokens": [50364, 16302, 1960, 2392, 251, 8216, 18464, 232, 30215, 32739, 14637, 12467, 13352, 252, 35488, 11100, 46241, 94, 34127, 8216, 8216, 5988, 226, 11386, 51464], "temperature": 0.0, "avg_logprob": -0.40614648965688854, "compression_ratio": 0.8450704225352113, "no_speech_prob": 0.5454733967781067}], "language": "zh"}