{"text": "\u79d1\u5c14\u745e\u57fa\u6784\u7814\u7a76\u603b\u76d1\u6797\u6ce2\u5411\u5357\u90fd\u8bb0\u8005\u8868\u793a", "segments": [{"id": 0, "seek": 0, "start": 0.0, "end": 11.8, "text": "\u79d1\u5c14\u745e\u57fa\u6784\u7814\u7a76\u603b\u76d1\u6797\u6ce2\u5411\u5357\u90fd\u8bb0\u8005\u8868\u793a", "tokens": [50364, 42091, 1530, 242, 37955, 252, 26008, 7360, 226, 23230, 242, 44704, 33440, 5419, 239, 32063, 30806, 24282, 31021, 7182, 34756, 12444, 40053, 50954], "temperature": 0.0, "avg_logprob": -0.32578125, "compression_ratio": 0.8307692307692308, "no_speech_prob": 0.3008720278739929}], "language": "zh"}