{"text": "\u8bfe\u5c14\u745e\u57fa,\u591f\u4e25\u8bfe\u5c14\u745e\u57fa,\u591f\u4e25\u4ea4\u603b\u76d1,\u6797\u6ce2\u5411\u5357\u90fd\u8bb0\u7740\u8868\u793a", "segments": [{"id": 0, "seek": 0, "start": 0.0, "end": 3.58, "text": "\u8bfe\u5c14\u745e\u57fa,\u591f\u4e25", "tokens": [50364, 5233, 122, 1530, 242, 37955, 252, 26008, 11, 1787, 253, 940, 98, 50543], "temperature": 0.0, "avg_logprob": -0.5727638517107282, "compression_ratio": 1.0273972602739727, "no_speech_prob": 0.1483568400144577}, {"id": 1, "seek": 0, "start": 6.4, "end": 11.78, "text": "\u8bfe\u5c14\u745e\u57fa,\u591f\u4e25\u4ea4\u603b\u76d1,\u6797\u6ce2\u5411\u5357\u90fd\u8bb0\u7740\u8868\u793a", "tokens": [50684, 5233, 122, 1530, 242, 37955, 252, 26008, 11, 1787, 253, 940, 98, 28455, 33440, 5419, 239, 11, 32063, 30806, 24282, 31021, 7182, 34756, 20708, 40053, 50953], "temperature": 0.0, "avg_logprob": -0.5727638517107282, "compression_ratio": 1.0273972602739727, "no_speech_prob": 0.1483568400144577}], "language": "zh"}