{"text": "\u8def\u4e0a\u7684\u7a4d\u6c34\u5076\u723e\u91c0\u51fa\u4e00\u4e9b\u9023\u8863,\u6c92\u60f3\u5230\u5728\u9019\u5ba3\u63da\u7684\u90fd\u5e02\u4e5f\u6703\u6709\u5931\u60c5\u5316\u610f\u7684\u6642\u523b\u3002", "segments": [{"id": 0, "seek": 0, "start": 0.0, "end": 10.76, "text": "\u8def\u4e0a\u7684\u7a4d\u6c34\u5076\u723e\u91c0\u51fa\u4e00\u4e9b\u9023\u8863,\u6c92\u60f3\u5230\u5728\u9019\u5ba3\u63da\u7684\u90fd\u5e02\u4e5f\u6703\u6709\u5931\u60c5\u5316\u610f\u7684\u6642\u523b\u3002", "tokens": [50364, 24658, 5708, 1546, 13740, 235, 15590, 7437, 114, 41997, 5873, 222, 7781, 38515, 36252, 9890, 96, 11, 4913, 7093, 4511, 3581, 2664, 2415, 96, 11673, 248, 1546, 7182, 27261, 6404, 6236, 2412, 28564, 10570, 23756, 9042, 1546, 6611, 45500, 1543, 50902], "temperature": 0.0, "avg_logprob": -0.32493697765261625, "compression_ratio": 0.9035087719298246, "no_speech_prob": 0.005467867944389582}], "language": "zh"}